Tag_Original;Tag_Propuesto_ISA;Bloque_Lógico;Estado
B_Ctrol_FT_AGUA_A_MOSTO;200_FC_200;DESTILERIA/FERMENTACION/PID_FERMENTACION/1/5;"Propuesta — familia nueva; confirmar en campo antes de aplicar"
FT_AGUA;200_FT_200;DESTILERIA/FERMENTACION/PID_FERMENTACION/1/5;"Propuesta — familia nueva; confirmar en campo antes de aplicar"
Slot_PV_VALVULA_CAUDAL_AGUA;200_FV_200;DESTILERIA/FERMENTACION/PID_FERMENTACION/1/5;"Propuesta — familia nueva; confirmar en campo antes de aplicar"
B_CONTROL_BBA_MOSTO;;DESTILERIA/FERMENTACION/PID_FERMENTACION/2/30;"Revision requerida — Actuador motor/equipo: VDF_ALIMENTACION_MOSTO_CUBA_OESTE:O.Reference; Multiples escritores: VDF_ALIMENTACION_MOSTO_CUBA_OESTE:O.Reference; Variable PV sin evidencia explícita de transmisor"
FT_MOSTO_TOTALIZADOR;;DESTILERIA/FERMENTACION/PID_FERMENTACION/2/30;"Revision requerida — Actuador motor/equipo: VDF_ALIMENTACION_MOSTO_CUBA_OESTE:O.Reference; Multiples escritores: VDF_ALIMENTACION_MOSTO_CUBA_OESTE:O.Reference; Variable PV sin evidencia explícita de transmisor"
SCL_17;;DESTILERIA/FERMENTACION/PID_FERMENTACION/2/30;"Revision requerida — Actuador motor/equipo: VDF_ALIMENTACION_MOSTO_CUBA_OESTE:O.Reference; Multiples escritores: VDF_ALIMENTACION_MOSTO_CUBA_OESTE:O.Reference; Variable PV sin evidencia explícita de transmisor"
VDF_ALIMENTACION_MOSTO_CUBA_OESTE:O.Reference;;DESTILERIA/FERMENTACION/PID_FERMENTACION/2/30;"Revision requerida — Actuador motor/equipo: VDF_ALIMENTACION_MOSTO_CUBA_OESTE:O.Reference; Multiples escritores: VDF_ALIMENTACION_MOSTO_CUBA_OESTE:O.Reference; Variable PV sin evidencia explícita de transmisor"
B_Ctrol_FT_MELAZA;;DESTILERIA/FERMENTACION/PID_FERMENTACION/3/39;"Revision requerida — Bloque/pin no transparente o cascada: SEL_05; PV/MV no unívocos"
FT_MELAZA;;DESTILERIA/FERMENTACION/PID_FERMENTACION/3/39;"Revision requerida — Bloque/pin no transparente o cascada: SEL_05; PV/MV no unívocos"
SEL_05;;DESTILERIA/FERMENTACION/PID_FERMENTACION/3/39;"Revision requerida — Bloque/pin no transparente o cascada: SEL_05; PV/MV no unívocos"
B_Ctrol_NIVEL_CUBA_1;;DESTILERIA/FERMENTACION/PID_FERMENTACION/4/51;"Revision requerida — Actuador motor/equipo: Slot_IS_MOTOR_TRASVACE_CUBA_1; Actuador motor/equipo: VDF_BBA_TRASVASE_CUBA1_A_CUBA2:O.Reference; PV/MV no unívocos; Señal ausente/ambigua: MV"
LT_CUBA_1;;DESTILERIA/FERMENTACION/PID_FERMENTACION/4/51;"Revision requerida — Actuador motor/equipo: Slot_IS_MOTOR_TRASVACE_CUBA_1; Actuador motor/equipo: VDF_BBA_TRASVASE_CUBA1_A_CUBA2:O.Reference; PV/MV no unívocos; Señal ausente/ambigua: MV"
SCL_04;;DESTILERIA/FERMENTACION/PID_FERMENTACION/4/51;"Revision requerida — Actuador motor/equipo: Slot_IS_MOTOR_TRASVACE_CUBA_1; Actuador motor/equipo: VDF_BBA_TRASVASE_CUBA1_A_CUBA2:O.Reference; PV/MV no unívocos; Señal ausente/ambigua: MV"
Slot_IS_MOTOR_TRASVACE_CUBA_1;;DESTILERIA/FERMENTACION/PID_FERMENTACION/4/51;"Revision requerida — Actuador motor/equipo: Slot_IS_MOTOR_TRASVACE_CUBA_1; Actuador motor/equipo: VDF_BBA_TRASVASE_CUBA1_A_CUBA2:O.Reference; PV/MV no unívocos; Señal ausente/ambigua: MV"
VDF_BBA_TRASVASE_CUBA1_A_CUBA2:O.Reference;;DESTILERIA/FERMENTACION/PID_FERMENTACION/4/51;"Revision requerida — Actuador motor/equipo: Slot_IS_MOTOR_TRASVACE_CUBA_1; Actuador motor/equipo: VDF_BBA_TRASVASE_CUBA1_A_CUBA2:O.Reference; PV/MV no unívocos; Señal ausente/ambigua: MV"
B_Ctrol_TK_AGUA_POTABLE;200_LC_200;DESTILERIA/FERMENTACION/PID_FERMENTACION/5/58;"Propuesta — familia nueva; confirmar en campo antes de aplicar"
LT_TK_AGUA_POTABLE;200_LT_200;DESTILERIA/FERMENTACION/PID_FERMENTACION/5/58;"Propuesta — familia nueva; confirmar en campo antes de aplicar"
Slot_PV_VALVULA_NIVEL_TK_AGUA;200_LV_200;DESTILERIA/FERMENTACION/PID_FERMENTACION/5/58;"Propuesta — familia nueva; confirmar en campo antes de aplicar"
B_Ctrol_GRADO_BRIX_MOSTO;;DESTILERIA/FERMENTACION/PID_FERMENTACION/6/66;"Revision requerida — Actuador no demostrado como válvula: MV_PID_BRIX_MOSTO; PV/MV no unívocos; Señal ausente/ambigua: PV"
MV_PID_BRIX_MOSTO;;DESTILERIA/FERMENTACION/PID_FERMENTACION/6/66;"Revision requerida — Actuador no demostrado como válvula: MV_PID_BRIX_MOSTO; PV/MV no unívocos; Señal ausente/ambigua: PV"
BRIX_JUGO;;DESTILERIA/FERMENTACION/PID_FERMENTACION/7/78;"Revision requerida — Bloque/pin no transparente o cascada: SEL_06; Extremo/instancia compartido entre lazos: SEL_06; PV/MV no unívocos; Variable PV sin evidencia explícita de transmisor"
B_Ctrl_GRADO_BRIX_JUGO;;DESTILERIA/FERMENTACION/PID_FERMENTACION/7/78;"Revision requerida — Bloque/pin no transparente o cascada: SEL_06; Extremo/instancia compartido entre lazos: SEL_06; PV/MV no unívocos; Variable PV sin evidencia explícita de transmisor"
SEL_06;;DESTILERIA/FERMENTACION/PID_FERMENTACION/7/78;"Revision requerida — Bloque/pin no transparente o cascada: SEL_06; Extremo/instancia compartido entre lazos: SEL_06; PV/MV no unívocos; Variable PV sin evidencia explícita de transmisor"
B_Ctrl_VALV_CAUDAL_MELADO;;DESTILERIA/FERMENTACION/PID_FERMENTACION/7/79;"Revision requerida — Bloque/pin no transparente o cascada: SEL_06; Extremo/instancia compartido entre lazos: SEL_06; PV/MV no unívocos"
FT_MELADO_TRATADO;;DESTILERIA/FERMENTACION/PID_FERMENTACION/7/79;"Revision requerida — Bloque/pin no transparente o cascada: SEL_06; Extremo/instancia compartido entre lazos: SEL_06; PV/MV no unívocos"
SEL_06;;DESTILERIA/FERMENTACION/PID_FERMENTACION/7/79;"Revision requerida — Bloque/pin no transparente o cascada: SEL_06; Extremo/instancia compartido entre lazos: SEL_06; PV/MV no unívocos"
