Area;Numero_PreFiltro;Numero_Nuevo;Tag_PreFiltro;Tag_Nuevo
100;0;6;100_FT_031;100_FT_006
100;0;7;100_FT_032;100_FT_007
100;1;1;100_PT_001;100_PT_001
100;2;2;100_PV_002;100_PV_002
100;36;3;100_LT_036;100_LT_003
100;36;3;100_LIC_036;100_LIC_003
100;36;3;100_LXV_036;100_LXV_003
100;46;4;100_LT_046;100_LT_004
100;50;5;100_TT_050;100_TT_005
200;1;1;200_LT_001;200_LT_001
200;2;2;200_LT_002;200_LT_002
200;3;3;200_LT_003;200_LT_003
200;5;5;200_LT_005;200_LT_005
200;6;6;200_LT_006;200_LT_006
200;7;7;200_LT_007;200_LT_007
200;8;8;200_LT_008;200_LT_008
200;9;9;200_LT_009;200_LT_009
200;10;10;200_LT_010;200_LT_010
200;11;11;200_LT_011;200_LT_011
200;12;12;200_LT_012;200_LT_012
200;17;13;200_FT_017;200_FT_013
200;18;14;200_FT_018;200_FT_014
200;19;15;200_TT_019;200_TT_015
200;20;16;200_TT_020;200_TT_016
200;21;17;200_TT_021;200_TT_017
200;22;18;200_TT_022;200_TT_018
200;23;19;200_TT_023;200_TT_019
200;24;20;200_DT_024;200_DT_020
200;24;20;200_DIC_024;200_DIC_020
200;24;20;200_DV_024;200_DV_020
200;25;21;200_FT_025;200_FT_021
200;26;22;200_LT_026;200_LT_022
200;27;23;200_TT_027;200_TT_023
200;28;24;200_FT_028;200_FT_024
200;29;25;200_PT_029;200_PT_025
200;30;26;200_TT_030;200_TT_026
200;31;27;200_TT_031;200_TT_027
200;32;28;200_TT_032;200_TT_028
200;33;29;200_TT_033;200_TT_029
200;34;30;200_TT_034;200_TT_030
200;36;31;200_TT_036;200_TT_031
200;37;32;200_TT_037;200_TT_032
200;38;33;200_TT_038;200_TT_033
200;39;34;200_TT_039;200_TT_034
200;40;36;200_TT_040;200_TT_036
200;41;37;200_TT_041;200_TT_037
200;42;38;200_TT_042;200_TT_038
200;43;39;200_TT_043;200_TT_039
200;44;40;200_TT_044;200_TT_040
200;45;41;200_TT_045;200_TT_041
200;46;42;200_LT_046;200_LT_042
200;46;42;200_LIC_046;200_LIC_042
200;46;42;200_LV_046;200_LV_042
200;47;43;200_PT_047;200_PT_043
200;47;43;200_PIC_047;200_PIC_043
200;47;43;200_PV_047;200_PV_043
200;48;44;200_LT_048;200_LT_044
200;48;44;200_LIC_048;200_LIC_044
200;48;44;200_LY_048A;200_LY_044A
200;48;44;200_LY_048B;200_LY_044B
200;50;45;200_LT_050;200_LT_045
200;51;46;200_LT_051;200_LT_046
200;52;47;200_DT_052;200_DT_047
200;53;48;200_DT_053;200_DT_048
200;54;49;200_LT_054;200_LT_049
200;55;50;200_TT_055;200_TT_050
200;56;51;200_FT_056;200_FT_051
200;57;52;200_FV_057;200_FV_052
250;3;3;250_LIC_003A;250_LIC_003A
250;3;3;250_LV_003A;250_LV_003A
250;3;3;250_LIC_003B;250_LIC_003B
250;3;3;250_LV_003B;250_LV_003B
250;4;4;250_PT_004;250_PT_004
250;4;4;250_PIC_004;250_PIC_004
250;4;4;250_PV_004;250_PV_004
250;5;5;250_LT_005;250_LT_005
250;6;6;250_PT_006;250_PT_006
250;7;7;250_PT_007;250_PT_007
300;23;1;300_LT_023;300_LT_001
300;24;2;300_TT_024;300_TT_002
300;25;3;300_FSL_025;300_FSL_003
300;26;4;300_PT_026;300_PT_004
300;26;4;300_PIC_026;300_PIC_004
300;26;4;300_PY_026A;300_PY_004A
300;26;4;300_PY_026B;300_PY_004B
300;27;5;300_PT_027;300_PT_005
300;27;5;300_PIC_027;300_PIC_005
300;27;5;300_PY_027A;300_PY_005A
300;27;5;300_PY_027B;300_PY_005B
300;28;6;300_LT_028;300_LT_006
300;28;6;300_LIC_028;300_LIC_006
300;28;6;300_LY_028A;300_LY_006A
300;28;6;300_LY_028B;300_LY_006B
300;29;7;300_LT_029;300_LT_007
300;30;8;300_LT_030;300_LT_008
300;31;9;300_LT_031;300_LT_009
300;32;10;300_LT_032;300_LT_010
300;33;11;300_FT_033;300_FT_011
300;34;12;300_FT_034;300_FT_012
300;35;13;300_AT_035;300_AT_013
300;36;14;300_WSH_036;300_WSH_014
300;37;15;300_WSHH_037;300_WSHH_015
300;38;16;300_TT_038;300_TT_016
300;39;17;300_TT_039;300_TT_017
300;40;18;300_TT_040;300_TT_018
300;48;19;300_TT_048;300_TT_019
300;49;20;300_LT_049;300_LT_020
300;49;20;300_LIC_049;300_LIC_020
300;50;21;300_LT_050;300_LT_021
300;50;21;300_LIC_050;300_LIC_021
300;51;22;300_LT_051;300_LT_022
300;52;23;300_LT_052;300_LT_023
300;53;24;300_PT_053;300_PT_024
300;54;25;300_LT_054;300_LT_025
300;55;26;300_PT_055;300_PT_026
300;56;27;300_PT_056;300_PT_027
300;61;28;300_LT_061;300_LT_028
300;62;29;300_LT_062A;300_LT_029A
300;62;29;300_LT_062B;300_LT_029B
300;62;29;300_LIC_062;300_LIC_029
300;62;29;300_LV_062;300_LV_029
300;63;30;300_LT_063A;300_LT_030A
300;63;30;300_LT_063B;300_LT_030B
300;63;30;300_LIC_063;300_LIC_030
300;63;30;300_LV_063;300_LV_030
300;64;31;300_LT_064A;300_LT_031A
300;64;31;300_LT_064B;300_LT_031B
300;64;31;300_LIC_064;300_LIC_031
300;64;31;300_LV_064;300_LV_031
300;65;32;300_FT_065;300_FT_032
300;66;33;300_FT_066;300_FT_033
300;67;34;300_FT_067;300_FT_034
300;68;35;300_TT_068;300_TT_035
300;73;36;300_LT_073;300_LT_036
300;74;37;300_TT_074;300_TT_037
400;1;1;400_LT_001;400_LT_001
400;1;1;400_LIC_001;400_LIC_001
400;1;1;400_LXV_001A;400_LXV_001A
400;1;1;400_LXV_001B;400_LXV_001B
400;2;2;400_LT_002;400_LT_002
400;2;2;400_LIC_002;400_LIC_002
400;2;2;400_LXV_002A;400_LXV_002A
400;2;2;400_LXV_002B;400_LXV_002B
400;3;3;400_PT_003;400_PT_003
400;3;3;400_PIC_003;400_PIC_003
400;3;3;400_PV_003;400_PV_003
400;4;4;400_PT_004;400_PT_004
400;4;4;400_PIC_004;400_PIC_004
400;4;4;400_PV_004;400_PV_004
400;5;5;400_FT_005;400_FT_005
400;5;5;400_FIC_005;400_FIC_005
400;5;5;400_FXV_005A;400_FXV_005A
400;5;5;400_FXV_005B;400_FXV_005B
500;1;1;500_LT_001;500_LT_001
500;1;1;500_LIC_001;500_LIC_001
500;1;1;500_LY_001A;500_LY_001A
500;1;1;500_LY_001B;500_LY_001B
500;2;2;500_LT_002;500_LT_002
500;2;2;500_LIC_002;500_LIC_002
500;3;3;500_LT_003;500_LT_003
500;3;3;500_LIC_003A;500_LIC_003A
500;3;3;500_LIC_003B;500_LIC_003B
500;3;3;500_LXV_003;500_LXV_003
500;4;4;500_LT_004;500_LT_004
500;4;4;500_LIC_004;500_LIC_004
600;19;1;600_LT_019;600_LT_001
600;19;1;600_LIC_019;600_LIC_001
600;19;1;600_LV_019;600_LV_001
700;1;1;700_LT_001;700_LT_001
700;1;1;700_LIC_001;700_LIC_001
700;1;1;700_LY_001;700_LY_001
700;2;2;700_PT_002;700_PT_002
700;2;2;700_PIC_002;700_PIC_002
700;2;2;700_PV_002;700_PV_002
700;12;3;700_LT_012;700_LT_003
700;12;3;700_LIC_012;700_LIC_003
700;12;3;700_LY_012;700_LY_003
900;1;1;900_PT_001;900_PT_001
900;2;2;900_PT_002;900_PT_002
900;6;3;900_TT_006;900_TT_003
900;7;4;900_TT_007;900_TT_004
900;13;5;900_TT_013;900_TT_005
900;14;6;900_TT_014;900_TT_006
900;15;7;900_TT_015;900_TT_007
900;16;8;900_TT_016;900_TT_008
900;18;9;900_PT_018;900_PT_009
